id,name,email,contact_phone,customer_since,is_active
1,Alford Brennenstuhl,abrennenstuhl0@paginegialle.it,266-721-5176,10/29/2022,false
2,Torrie Tew,ttew1@utexas.edu,333-341-3404,8/6/2023,true
3,Allison Newitt,anewitt2@ucoz.com,998-911-2680,7/5/2023,false
4,Justis Hartigan,jhartigan3@google.fr,923-923-9557,1/26/2023,true
5,Martguerita Stanier,mstanier4@biglobe.ne.jp,606-379-1237,3/15/2023,true
6,Vernon Barten,vbarten5@cnet.com,909-230-0254,6/1/2023,true
7,Andromache Spileman,aspileman6@springer.com,633-257-2727,4/24/2023,true
8,Louisette Buie,lbuie7@ezinearticles.com,749-987-4726,3/1/2023,false
9,Colin Cobbe,ccobbe8@plala.or.jp,892-898-5028,6/12/2023,false
10,Joaquin Bierman,jbierman9@mozilla.com,572-271-4727,5/11/2023,true
11,Hedvige Klyner,hklynera@toplist.cz,120-847-7061,9/11/2023,false
12,Lenore Maryott,lmaryottb@amazon.co.uk,672-248-8814,2/21/2023,true
13,Leonardo Jaspar,ljasparc@spiegel.de,935-434-9812,5/16/2023,true
14,Elise Mauser,emauserd@barnesandnoble.com,171-588-5021,10/25/2022,false
15,Steward Shone,sshonee@purevolume.com,429-895-5753,10/2/2023,true
16,Dorothea Bromell,dbromellf@zdnet.com,801-328-7869,5/20/2023,true
17,Dolly Broschek,dbroschekg@about.com,492-646-8889,1/26/2023,true
18,Lexie Bradwell,lbradwellh@jigsy.com,885-651-4141,6/26/2023,true
19,Bride Beirne,bbeirnei@free.fr,584-918-2213,2/19/2023,true
20,Clio Wethered,cwetheredj@barnesandnoble.com,517-479-3309,8/7/2023,false
21,Mart Avrahm,mavrahmk@auda.org.au,903-768-4600,11/24/2022,true
22,Nikaniki Casini,ncasinil@si.edu,625-629-5940,6/23/2023,true
23,Carmela Healing,chealingm@phoca.cz,483-387-2878,10/5/2023,true
24,Tymothy Lieber,tliebern@dyndns.org,305-855-5400,3/7/2023,true
25,Bayard Iczokvitz,biczokvitzo@ft.com,212-772-1860,12/16/2022,true
26,Selinda Tucknutt,stucknuttp@jugem.jp,894-320-8659,7/8/2023,false
27,Oliviero MacConnel,omacconnelq@networksolutions.com,436-465-7846,2/25/2023,false
28,Zaneta Drewson,zdrewsonr@buzzfeed.com,972-396-5600,6/24/2023,false
29,Jo Musico,jmusicos@wikimedia.org,407-835-7397,1/28/2023,true
30,Madelaine Ubach,mubacht@wikia.com,643-661-0014,7/11/2023,false
31,Verine Joust,vjoustu@php.net,548-243-0240,3/30/2023,false
32,Constantina Obee,cobeev@mtv.com,442-950-8938,10/7/2023,true
33,Cecily Wedge,cwedgew@usgs.gov,311-947-5485,1/1/2023,true
34,Tootsie Carmel,tcarmelx@washingtonpost.com,532-612-8917,8/17/2023,false
35,Suzann Colter,scoltery@ibm.com,808-427-0928,10/4/2023,false
36,Arny LAbbet,alabbetz@epa.gov,301-212-2020,2/11/2023,false
37,Fairfax Bothbie,fbothbie10@jigsy.com,538-960-9504,8/4/2023,true
38,Carce Crimmins,ccrimmins11@google.fr,194-649-8423,6/13/2023,false
39,Raynor Shipsey,rshipsey12@house.gov,351-373-3403,11/14/2022,false
40,Pierre Teodorski,pteodorski13@jigsy.com,657-230-3146,3/13/2023,false
41,Nicholas Kitcat,nkitcat14@wordpress.org,886-795-9120,8/23/2023,true
42,Orsa Zavattiero,ozavattiero15@twitpic.com,453-402-0270,4/28/2023,false
43,Buddy Matuszyk,bmatuszyk16@mashable.com,654-823-5876,4/10/2023,false
44,Dee Parken,dparken17@sina.com.cn,819-601-2266,6/27/2023,false
45,Chauncey Reddick,creddick18@nba.com,998-292-0587,8/17/2023,false
46,Gardener Horribine,ghorribine19@ebay.com,936-527-7341,4/1/2023,true
47,Ailene Aked,aaked1a@gmpg.org,449-643-3487,12/18/2022,true
48,Laural Shawyers,lshawyers1b@boston.com,508-737-2622,12/27/2022,false
49,Gardner Vidgen,gvidgen1c@instagram.com,216-158-8381,7/12/2023,false
50,Griffy Gresly,ggresly1d@unicef.org,138-757-9513,4/4/2023,false
51,Locke Ivery,livery1e@pagesperso-orange.fr,314-709-3714,6/28/2023,false
52,Verine Dudny,vdudny1f@geocities.jp,891-816-4889,2/9/2023,false
53,Mattias Bolstridge,mbolstridge1g@chronoengine.com,669-881-3380,1/9/2023,true
54,Roberta Lampard,rlampard1h@bandcamp.com,872-442-1654,9/2/2023,true
55,Beatrix Torricella,btorricella1i@networkadvertising.org,163-865-9385,3/3/2023,true
56,Kristal Finch,kfinch1j@wunderground.com,225-825-2081,7/8/2023,true
57,Immanuel Keming,ikeming1k@upenn.edu,384-485-6394,3/16/2023,true
58,Peadar Bellew,pbellew1l@moonfruit.com,787-399-4115,12/31/2022,true
59,Louella Decreuze,ldecreuze1m@wisc.edu,925-772-9677,12/18/2022,false
60,Eustacia Waddy,ewaddy1n@dmoz.org,505-869-1192,3/7/2023,false
61,Ansley Peidro,apeidro1o@princeton.edu,420-711-3240,12/26/2022,true
62,Joscelin Scotter,jscotter1p@mapy.cz,467-206-6224,7/1/2023,true
63,Derrek Amberson,damberson1q@ox.ac.uk,292-657-2313,3/29/2023,false
64,Vyky Loren,vloren1r@geocities.jp,585-820-7565,2/7/2023,false
65,Delmer Fownes,dfownes1s@thetimes.co.uk,799-807-3670,1/26/2023,true
66,Kipp Sisey,ksisey1t@prweb.com,255-910-7612,7/23/2023,false
67,Gawen Vanezis,gvanezis1u@ibm.com,441-450-7642,1/5/2023,true
68,Kristoforo MacCartair,kmaccartair1v@pinterest.com,918-209-1439,9/7/2023,false
69,Dorelle Rocks,drocks1w@xing.com,221-126-9998,3/18/2023,false
70,Blakelee Gonzalez,bgonzalez1x@360.cn,231-750-5871,2/2/2023,true
71,Hedvige Duesberry,hduesberry1y@ehow.com,758-187-6918,4/4/2023,true
72,Kennie Beig,kbeig1z@cafepress.com,263-960-9247,5/26/2023,true
73,Alfi Plan,aplan20@ovh.net,109-639-3168,11/25/2022,false
74,Floyd O'Hartigan,fohartigan21@addthis.com,399-146-1440,3/2/2023,true
75,Renee Featherstonhaugh,rfeatherstonhaugh22@t.co,621-922-1473,4/15/2023,true
76,Pauly Godilington,pgodilington23@apple.com,224-136-3447,11/13/2022,true
77,Vi Muggleton,vmuggleton24@umn.edu,705-899-9026,9/24/2023,true
78,Johnny Matej,jmatej25@apache.org,479-553-0424,4/22/2023,true
79,Margaretta Arsnell,marsnell26@intel.com,381-874-9570,6/5/2023,false
80,Almira Davidof,adavidof27@smugmug.com,133-518-0121,1/5/2023,false
81,Claudina Goudard,cgoudard28@techcrunch.com,309-183-0932,7/8/2023,false
82,Kim Estable,kestable29@myspace.com,535-598-5782,1/19/2023,true
83,Beaufort Billin,bbillin2a@shareasale.com,398-610-7131,8/27/2023,false
84,Carry Pales,cpales2b@theglobeandmail.com,626-713-7945,6/4/2023,false
85,Craggy Tother,ctother2c@studiopress.com,606-294-3713,12/14/2022,true
86,Pail Kennaway,pkennaway2d@ycombinator.com,394-992-4515,9/8/2023,false
87,Oby Medforth,omedforth2e@ucsd.edu,653-811-7215,6/24/2023,true
88,Myrtie Broy,mbroy2f@bing.com,460-651-7704,8/2/2023,true
89,Franny Manueli,fmanueli2g@patch.com,463-411-3824,11/9/2022,true
90,Henrie Heineking,hheineking2h@kickstarter.com,387-650-2768,10/24/2022,false
91,Leah Andres,landres2i@businessinsider.com,990-315-1701,7/15/2023,true
92,Tybie Duncanson,tduncanson2j@comcast.net,375-423-2256,4/15/2023,true
93,Cosette Mason,cmason2k@lycos.com,738-506-5252,3/1/2023,false
94,Weber Rundall,wrundall2l@tinypic.com,349-723-5976,8/25/2023,false
95,Jazmin Domaschke,jdomaschke2m@slate.com,542-234-7138,12/11/2022,true
96,Keene Shmyr,kshmyr2n@phoca.cz,730-982-6832,8/25/2023,false
97,Orly Michieli,omichieli2o@gravatar.com,428-278-1305,7/6/2023,false
98,Lilly Boak,lboak2p@sitemeter.com,641-296-3070,8/26/2023,false
99,Ulric Blair,ublair2q@umich.edu,426-370-0028,4/11/2023,true
100,Alic Medmore,amedmore2r@apple.com,289-544-5499,3/8/2023,true
101,Eloisa de la Tremoille,ede2s@aol.com,701-497-0359,9/30/2023,true
102,Barri Tortice,btortice2t@desdev.cn,979-177-6185,2/28/2023,false
103,Phylis Kaufman,pkaufman2u@wsj.com,792-796-9873,12/23/2022,false
104,Ingamar Stobo,istobo2v@theguardian.com,253-178-1990,3/18/2023,true
105,Maurene Costello,mcostello2w@smh.com.au,686-699-1154,12/29/2022,true
106,Matty Yakebovich,myakebovich2x@sitemeter.com,266-160-4084,2/16/2023,false
107,Benedicta Petyanin,bpetyanin2y@cnet.com,175-734-2826,12/29/2022,false
108,Teodoor MacIlriach,tmacilriach2z@tinypic.com,878-546-4116,2/4/2023,true
109,Gerek Itzkov,gitzkov30@sakura.ne.jp,531-257-2042,12/28/2022,true
110,Eileen Savory,esavory31@ihg.com,816-758-6360,4/9/2023,true
111,Brenna Giberd,bgiberd32@squarespace.com,640-771-1021,6/5/2023,true
112,Jacques Mantrup,jmantrup33@hexun.com,865-226-1052,11/24/2022,false
113,Vally Seyffert,vseyffert34@discovery.com,206-945-2467,10/28/2022,false
114,Sabrina Salsbury,ssalsbury35@printfriendly.com,804-710-6561,3/5/2023,true
115,Cale Seiffert,cseiffert36@indiatimes.com,451-890-5972,9/28/2023,true
116,Charmane Craze,ccraze37@icio.us,919-230-2335,6/17/2023,true
117,Beth Speake,bspeake38@google.it,603-673-4340,10/31/2022,true
118,Gran Scutching,gscutching39@skype.com,217-839-6878,1/23/2023,true
119,Artemas Sheppard,asheppard3a@irs.gov,149-690-9149,5/19/2023,true
120,Kylie Plumbridge,kplumbridge3b@unc.edu,228-467-5554,9/10/2023,true
121,Wilt Bassett,wbassett3c@uiuc.edu,595-676-5700,3/4/2023,true
122,Christabella Yurlov,cyurlov3d@histats.com,315-311-6814,4/7/2023,false
123,Zeke Godney,zgodney3e@techcrunch.com,484-459-1211,10/20/2022,true
124,Elliott Boutell,eboutell3f@dropbox.com,929-266-6548,10/22/2022,true
125,Igor Kryszkiecicz,ikryszkiecicz3g@weibo.com,809-416-6744,10/7/2023,false
126,Jody Pittson,jpittson3h@netlog.com,882-688-9244,5/1/2023,false
127,Teri Roches,troches3i@chronoengine.com,219-241-7604,3/24/2023,false
128,Benji Keigher,bkeigher3j@rediff.com,292-325-0583,5/22/2023,true
129,George Likely,glikely3k@umich.edu,525-785-3608,10/15/2023,true
130,Llywellyn Kirk,lkirk3l@nyu.edu,399-336-8247,2/7/2023,true
131,Lorie Uden,luden3m@mysql.com,248-952-4248,7/13/2023,true
132,Edgardo Reese,ereese3n@seattletimes.com,769-137-4560,4/1/2023,true
133,Darbie Reneke,dreneke3o@a8.net,749-263-0612,3/30/2023,true
134,Lorettalorna Klees,lklees3p@amazon.co.jp,415-969-4392,5/8/2023,true
135,Harli Davidovics,hdavidovics3q@fotki.com,410-844-6108,9/1/2023,false
136,Page Russam,prussam3r@ameblo.jp,975-539-4906,12/2/2022,false
137,Gwendolin Petworth,gpetworth3s@wordpress.com,245-321-4613,8/3/2023,true
138,Camilla Pudsall,cpudsall3t@histats.com,355-556-2984,7/8/2023,true
139,Kennie Sea,ksea3u@bluehost.com,100-188-6382,6/17/2023,true
140,Floris Rodgier,frodgier3v@indiatimes.com,433-997-2349,1/6/2023,false
141,Glen Bryning,gbryning3w@chronoengine.com,197-104-4116,12/13/2022,false
142,Blithe Dwane,bdwane3x@businesswire.com,930-899-7262,3/27/2023,false
143,Friedrich Dhenin,fdhenin3y@flickr.com,306-214-1401,1/9/2023,false
144,Jose Pratchett,jpratchett3z@businessinsider.com,607-967-9975,4/30/2023,true
145,Kimbell Winley,kwinley40@barnesandnoble.com,133-448-5958,1/29/2023,false
146,Seumas Alphonso,salphonso41@fastcompany.com,225-856-7543,4/13/2023,false
147,Onfre Jacqueminot,ojacqueminot42@scribd.com,426-239-1112,12/10/2022,true
148,Edwin Boame,eboame43@time.com,921-989-6979,7/16/2023,false
149,Svend Daniau,sdaniau44@devhub.com,644-368-9263,7/22/2023,false
150,Barb Caslett,bcaslett45@army.mil,923-498-8666,4/8/2023,false
151,Enrichetta Attwell,eattwell46@statcounter.com,416-118-8668,5/25/2023,true
152,Bettina Stares,bstares47@intel.com,459-603-4887,2/25/2023,false
153,Hamel Ossulton,hossulton48@dot.gov,607-944-2124,6/3/2023,true
154,Lilith Blaskett,lblaskett49@columbia.edu,986-593-2032,1/10/2023,false
155,Xylina Verlinde,xverlinde4a@mapy.cz,610-450-8879,10/11/2023,true
156,Obediah Menlove,omenlove4b@amazonaws.com,685-125-3598,7/14/2023,true
157,Chiarra Kiebes,ckiebes4c@e-recht24.de,782-472-4871,2/2/2023,false
158,Garrot Hasslocher,ghasslocher4d@europa.eu,157-946-8812,1/31/2023,false
159,Elli Rubrow,erubrow4e@bluehost.com,878-255-9869,12/19/2022,false
160,Jae Hardwidge,jhardwidge4f@webs.com,378-284-0841,2/17/2023,false
161,Milicent Wanderschek,mwanderschek4g@tiny.cc,867-481-4680,6/22/2023,false
162,Patience Langton,plangton4h@xrea.com,532-483-6274,12/7/2022,true
163,Halimeda Ruecastle,hruecastle4i@wunderground.com,646-301-7918,8/6/2023,false
164,Bev Binfield,bbinfield4j@surveymonkey.com,638-156-6301,1/25/2023,true
165,Meredith Aleavy,maleavy4k@hostgator.com,256-868-3257,10/1/2023,true
166,Fern Cosely,fcosely4l@dropbox.com,770-788-0858,10/25/2022,true
167,Cathy Rowcliffe,crowcliffe4m@themeforest.net,612-741-1643,5/23/2023,true
168,Viviyan Guiton,vguiton4n@newyorker.com,737-440-3593,2/7/2023,false
169,Herman Okenden,hokenden4o@latimes.com,484-298-2551,6/20/2023,false
170,Mellisent Wynrahame,mwynrahame4p@webeden.co.uk,422-274-3814,10/22/2022,false
171,Glenda Fawkes,gfawkes4q@nymag.com,810-207-0976,10/5/2023,false
172,Briano Matevushev,bmatevushev4r@intel.com,656-459-8362,11/26/2022,true
173,Grissel Coaker,gcoaker4s@latimes.com,359-688-6133,12/14/2022,true
174,Vyky Bushell,vbushell4t@wikia.com,733-709-7162,6/20/2023,true
175,Towny Burtt,tburtt4u@angelfire.com,145-218-9614,9/6/2023,true
176,Lief Rathbone,lrathbone4v@discovery.com,966-614-0002,11/25/2022,false
177,Alex Hankey,ahankey4w@usatoday.com,870-142-4041,2/18/2023,true
178,Viola Adney,vadney4x@elpais.com,401-144-3710,9/3/2023,true
179,Kaylyn Weathey,kweathey4y@cnbc.com,657-798-6570,12/12/2022,true
180,Jacky Kenningham,jkenningham4z@google.co.jp,146-166-5531,2/1/2023,false
181,Dorelle Deakan,ddeakan50@globo.com,160-108-4340,5/30/2023,false
182,Paddy Lyndon,plyndon51@tinypic.com,965-847-6965,3/29/2023,false
183,Cornelle Howett,chowett52@pbs.org,692-995-3489,1/19/2023,true
184,Weylin Kerford,wkerford53@house.gov,966-424-2027,2/21/2023,false
185,Corbie Pitson,cpitson54@latimes.com,827-407-6789,11/3/2022,false
186,Mel Bissill,mbissill55@sina.com.cn,326-608-8015,2/20/2023,false
187,Winnah Keasey,wkeasey56@uiuc.edu,832-200-4251,5/12/2023,true
188,Cesya Golden of Ireland,cgolden57@eventbrite.com,307-544-5811,4/17/2023,false
189,Lamar Othen,lothen58@mit.edu,709-473-8381,12/14/2022,false
190,Ariana Leverton,aleverton59@discuz.net,836-306-2270,10/7/2023,true
191,Hubey Sapena,hsapena5a@ca.gov,260-846-4537,2/17/2023,true
192,Dido Minchella,dminchella5b@pbs.org,646-851-3227,3/28/2023,false
193,Ximenez Virgoe,xvirgoe5c@i2i.jp,424-113-4408,6/15/2023,false
194,Kristoffer Vatini,kvatini5d@amazon.de,758-978-9552,5/22/2023,false
195,Natassia Martignon,nmartignon5e@technorati.com,579-562-6707,12/10/2022,true
196,Galvan McGillacoell,gmcgillacoell5f@angelfire.com,573-562-6109,4/29/2023,true
197,Ashli Fawssett,afawssett5g@yelp.com,593-724-6466,11/18/2022,false
198,Brigit Aizic,baizic5h@smh.com.au,512-215-8651,9/26/2023,false
199,Wendie Hartly,whartly5i@nba.com,940-456-5722,5/10/2023,false
200,Eliot Kleynen,ekleynen5j@ocn.ne.jp,927-250-7384,6/20/2023,false
201,Abie Timothy,atimothy5k@example.com,618-770-5131,2/27/2023,false
202,Gabriel Daddow,gdaddow5l@time.com,806-264-1581,11/6/2022,true
203,Barry Weyman,bweyman5m@xinhuanet.com,479-633-6402,1/5/2023,false
204,Irita Becks,ibecks5n@surveymonkey.com,534-417-5492,5/7/2023,false
205,Anthia Achurch,aachurch5o@dion.ne.jp,599-739-0427,7/3/2023,true
206,Sheela Vasiliev,svasiliev5p@a8.net,754-711-9786,11/3/2022,false
207,Helaine Newman,hnewman5q@wufoo.com,591-405-2476,3/23/2023,false
208,Tarra Quinn,tquinn5r@php.net,379-855-3465,1/13/2023,false
209,Kiley Darch,kdarch5s@cdbaby.com,419-613-7830,12/6/2022,false
210,Noe Gerring,ngerring5t@hhs.gov,292-609-4987,3/27/2023,false
211,Norman Atkyns,natkyns5u@t.co,325-390-0981,8/8/2023,false
212,Hatti Burnside,hburnside5v@goo.gl,383-508-4621,8/11/2023,true
213,Lotte Rochewell,lrochewell5w@sakura.ne.jp,715-580-2822,2/15/2023,false
214,Dante Petyt,dpetyt5x@goo.gl,580-881-9867,10/22/2022,true
215,Johanna Djurdjevic,jdjurdjevic5y@wunderground.com,386-422-6309,2/4/2023,false
216,Benito Phateplace,bphateplace5z@themeforest.net,771-704-8428,3/10/2023,true
217,Domeniga McEvoy,dmcevoy60@mail.ru,496-337-2536,12/3/2022,true
218,Merci Thring,mthring61@icq.com,168-270-0302,3/15/2023,true
219,Katuscha Richmont,krichmont62@people.com.cn,518-548-8353,7/25/2023,false
220,Fletcher Farren,ffarren63@instagram.com,130-690-3716,9/30/2023,true
221,Dorolice Weddup,dweddup64@ft.com,304-296-3174,1/3/2023,false
222,Mendel Fredy,mfredy65@apache.org,619-842-3183,11/19/2022,false
223,Burl Deporte,bdeporte66@sogou.com,481-224-4629,8/25/2023,true
224,Randi Quartermaine,rquartermaine67@wikipedia.org,565-884-4750,8/10/2023,false
225,Devinne Ambler,dambler68@nytimes.com,242-905-7953,12/9/2022,true
226,Darsey Crilly,dcrilly69@webs.com,169-951-1557,8/6/2023,true
227,Lurleen Cauderlie,lcauderlie6a@usatoday.com,290-612-4346,3/26/2023,false
228,Dorthea Grenshiels,dgrenshiels6b@ning.com,418-110-0861,8/6/2023,false
229,Neila MacCollom,nmaccollom6c@msu.edu,911-288-3765,12/8/2022,true
230,Collen Brinsford,cbrinsford6d@aol.com,175-292-8169,8/23/2023,true
231,Chadd Bridgeman,cbridgeman6e@symantec.com,310-537-6398,6/14/2023,false
232,Tailor Kestle,tkestle6f@163.com,404-133-1560,8/30/2023,false
233,Paulie Brompton,pbrompton6g@flickr.com,555-361-7767,7/12/2023,false
234,Leonora Bowfin,lbowfin6h@etsy.com,938-921-4445,7/3/2023,true
235,Ginnie Slaght,gslaght6i@wix.com,590-893-5355,7/15/2023,false
236,Karlan Mettericke,kmettericke6j@github.com,856-582-0487,10/24/2022,false
237,Brennan Fawdry,bfawdry6k@discuz.net,438-983-7695,3/15/2023,false
238,Rosalinda Childes,rchildes6l@ycombinator.com,778-654-8263,2/2/2023,true
239,Fania Pomeroy,fpomeroy6m@apache.org,328-473-1745,8/7/2023,false
240,Luz Nunan,lnunan6n@blog.com,839-144-7511,12/27/2022,true
241,Venus O'Dunneen,vodunneen6o@odnoklassniki.ru,804-703-6685,1/6/2023,false
242,Maurine Fetherstone,mfetherstone6p@dailymotion.com,866-455-8906,4/8/2023,true
243,Ynes Elliott,yelliott6q@unesco.org,395-342-5876,1/16/2023,false
244,Katya Philpott,kphilpott6r@dell.com,528-292-6160,7/5/2023,false
245,Warden Lghan,wlghan6s@fastcompany.com,123-717-7479,4/8/2023,true
246,Augusto Klimas,aklimas6t@engadget.com,984-111-0552,3/29/2023,false
247,Melisandra Behnecke,mbehnecke6u@auda.org.au,446-117-9506,1/24/2023,true
248,Obie Paulillo,opaulillo6v@domainmarket.com,547-775-3832,8/9/2023,true
249,Morgen Ashard,mashard6w@walmart.com,358-508-2228,3/21/2023,true
250,Anette Northill,anorthill6x@weibo.com,888-725-7571,10/11/2023,true
251,Gretal Balls,gballs6y@sogou.com,574-421-3883,9/5/2023,false
252,Lemuel Scutter,lscutter6z@storify.com,990-628-9027,11/25/2022,false
253,Graehme Glawsop,gglawsop70@github.com,525-722-7596,2/4/2023,false
254,Zacharias Wyld,zwyld71@yellowbook.com,931-644-8501,2/11/2023,true
255,Irvin O'Heneghan,ioheneghan72@kickstarter.com,369-399-4107,3/2/2023,false
256,Hilario Gallardo,hgallardo73@free.fr,868-725-4351,3/7/2023,true
257,Sherm Cloy,scloy74@bloglines.com,877-569-6514,7/21/2023,true
258,Shepherd Oppy,soppy75@bloglovin.com,404-913-5803,4/30/2023,false
259,Hill Vannoni,hvannoni76@google.de,855-809-0500,5/30/2023,true
260,Augustin Cordeiro,acordeiro77@ftc.gov,697-506-2053,10/31/2022,false
261,Marquita Durman,mdurman78@arizona.edu,865-755-2478,4/14/2023,true
262,Orelie Hodgin,ohodgin79@netvibes.com,628-583-6891,8/30/2023,false
263,Karlis Banishevitz,kbanishevitz7a@noaa.gov,103-874-1083,6/4/2023,true
264,Trista Giovani,tgiovani7b@over-blog.com,470-991-3505,1/21/2023,false
265,Ernaline Andreichik,eandreichik7c@themeforest.net,854-992-9704,8/8/2023,true
266,Lindsy Malden,lmalden7d@timesonline.co.uk,874-581-7050,1/20/2023,false
267,Amby Chmiel,achmiel7e@sogou.com,595-206-2956,5/23/2023,true
268,Rosabella Berka,rberka7f@abc.net.au,142-416-5481,3/17/2023,true
269,Melli Grummitt,mgrummitt7g@bandcamp.com,252-724-0029,5/7/2023,false
270,Parker Rowat,prowat7h@a8.net,193-816-9836,9/20/2023,true
271,Nickolaus McAulay,nmcaulay7i@berkeley.edu,367-347-9030,6/25/2023,true
272,Angel McCullough,amccullough7j@senate.gov,615-199-5265,6/21/2023,false
273,Theadora Woolveridge,twoolveridge7k@nationalgeographic.com,949-726-1616,11/11/2022,true
274,Naoma Street,nstreet7l@devhub.com,271-279-1568,6/14/2023,true
275,Denna Rabbatts,drabbatts7m@miibeian.gov.cn,999-416-8930,8/20/2023,false
276,Ilise Hatto,ihatto7n@sogou.com,921-135-8642,1/1/2023,false
277,Dane Thies,dthies7o@blogtalkradio.com,859-651-8991,6/20/2023,true
278,Cullan Van Hesteren,cvan7p@forbes.com,192-962-6773,4/8/2023,false
279,Jojo Templman,jtemplman7q@pinterest.com,693-110-0261,3/23/2023,true
280,Archibaldo Delucia,adelucia7r@cafepress.com,728-830-5617,11/28/2022,false
281,Patton Feehery,pfeehery7s@boston.com,980-295-4659,11/3/2022,false
282,Angela Beahan,abeahan7t@furl.net,283-951-2034,4/29/2023,true
283,Aldon Liversedge,aliversedge7u@cisco.com,332-402-4177,7/31/2023,true
284,Marinna Helm,mhelm7v@sogou.com,328-108-3421,5/1/2023,false
285,Ag Craigs,acraigs7w@noaa.gov,256-675-6107,12/28/2022,true
286,Berri Fittall,bfittall7x@creativecommons.org,122-881-0798,11/23/2022,false
287,Mei Dwane,mdwane7y@dmoz.org,985-301-7469,12/4/2022,false
288,Richardo Stearne,rstearne7z@cbc.ca,293-273-8984,7/24/2023,true
289,Homer Rollings,hrollings80@woothemes.com,240-709-4848,11/27/2022,true
290,Averil Donnellan,adonnellan81@constantcontact.com,791-272-5189,4/23/2023,false
291,Natka Scantlebury,nscantlebury82@stumbleupon.com,151-615-3843,3/17/2023,true
292,Saidee Goodbur,sgoodbur83@liveinternet.ru,909-158-6990,6/14/2023,false
293,Jarvis Cozens,jcozens84@digg.com,248-480-8134,7/5/2023,true
294,Ynes Dundendale,ydundendale85@bbc.co.uk,436-289-2019,4/27/2023,false
295,Prudence Body,pbody86@istockphoto.com,712-176-4084,2/11/2023,true
296,Joice Van der Brug,jvan87@chron.com,303-286-0002,7/22/2023,false
297,Shanta Bartlomieczak,sbartlomieczak88@washingtonpost.com,126-129-3165,4/22/2023,false
298,Sinclare Dunning,sdunning89@diigo.com,855-589-4093,5/15/2023,false
299,Brett Newlove,bnewlove8a@furl.net,801-375-0533,4/12/2023,true
300,Rodge Petrello,rpetrello8b@sitemeter.com,877-993-1019,5/12/2023,false
301,Melosa Savell,msavell8c@1688.com,382-996-5247,5/1/2023,true
302,Loree Suller,lsuller8d@yandex.ru,378-598-1249,1/29/2023,true
303,Mariette Brabant,mbrabant8e@nsw.gov.au,561-646-5288,12/30/2022,true
304,Stillmann Avramchik,savramchik8f@behance.net,939-611-4278,1/27/2023,false
305,Cornelia Burth,cburth8g@surveymonkey.com,455-545-9444,11/10/2022,true
306,Alicea Saulter,asaulter8h@census.gov,126-998-1125,5/2/2023,false
307,Wendall Muddle,wmuddle8i@webeden.co.uk,377-190-4411,2/15/2023,true
308,Anselma Palethorpe,apalethorpe8j@hud.gov,282-782-8438,10/18/2023,false
309,Tildi Dudding,tdudding8k@4shared.com,962-597-4107,9/5/2023,false
310,Cecelia Ewence,cewence8l@msn.com,597-942-0810,7/3/2023,true
311,Jaime Broz,jbroz8m@archive.org,416-199-5592,6/15/2023,true
312,Audy Lingner,alingner8n@wikipedia.org,793-296-7547,5/24/2023,false
313,Toddie Recher,trecher8o@mashable.com,454-485-1549,10/4/2023,false
314,Daffi Worsfold,dworsfold8p@addtoany.com,678-863-9715,3/10/2023,false
315,Chris McKeachie,cmckeachie8q@1und1.de,480-999-3735,3/23/2023,true
316,Caspar Hampstead,champstead8r@mashable.com,173-955-9702,5/2/2023,true
317,Serena McGonigle,smcgonigle8s@unicef.org,174-101-9564,2/1/2023,false
318,Cicely Bennington,cbennington8t@simplemachines.org,693-514-3283,3/15/2023,false
319,Shae Perrin,sperrin8u@bing.com,135-688-7049,11/6/2022,true
320,Danica Drawmer,ddrawmer8v@unc.edu,315-942-2670,6/22/2023,true
321,Marja Chilley,mchilley8w@nifty.com,229-616-1145,1/24/2023,false
322,Magda Branwhite,mbranwhite8x@microsoft.com,834-367-5417,3/26/2023,true
323,Stevy Cory,scory8y@aboutads.info,687-818-9775,10/13/2023,false
324,Emili Meric,emeric8z@edublogs.org,602-404-5731,10/6/2023,true
325,Quillan Greggersen,qgreggersen90@apache.org,183-737-6813,3/6/2023,false
326,Christy Hargitt,chargitt91@ovh.net,502-833-0983,1/7/2023,true
327,Abba Fant,afant92@skype.com,884-666-1934,12/26/2022,true
328,Elana Pymm,epymm93@goodreads.com,243-943-2886,6/20/2023,true
329,Gratiana Campbell-Dunlop,gcampbelldunlop94@intel.com,496-854-3827,3/12/2023,true
330,Devora Whitcomb,dwhitcomb95@apple.com,787-291-3157,10/14/2023,true
331,Barnett Byas,bbyas96@seesaa.net,915-512-1168,10/19/2022,true
332,Mylo Camoys,mcamoys97@wikispaces.com,370-424-6677,4/1/2023,true
333,Elisabetta Ticehurst,eticehurst98@va.gov,147-341-1328,6/8/2023,true
334,Fletcher Philliskirk,fphilliskirk99@taobao.com,625-706-9620,2/11/2023,false
335,Gerek Beacon,gbeacon9a@51.la,261-141-2281,6/8/2023,false
336,Shirleen Powland,spowland9b@hostgator.com,242-947-5024,3/15/2023,false
337,John Topling,jtopling9c@paypal.com,231-423-1749,12/14/2022,true
338,Barnie Oates,boates9d@stumbleupon.com,189-343-9952,11/12/2022,false
339,Keith Lambricht,klambricht9e@alexa.com,198-435-3065,5/30/2023,false
340,Rivkah Billie,rbillie9f@techcrunch.com,446-768-7826,8/16/2023,true
341,Kathleen Huntley,khuntley9g@usa.gov,976-130-3891,2/21/2023,true
342,Marylynne Weare,mweare9h@furl.net,615-772-0768,2/26/2023,false
343,Adriane Harper,aharper9i@spotify.com,514-718-4917,12/13/2022,false
344,Chris Leftridge,cleftridge9j@usatoday.com,791-514-6941,5/25/2023,true
345,Corenda Sammut,csammut9k@nifty.com,388-225-5621,6/11/2023,false
346,Berri Skarin,bskarin9l@kickstarter.com,362-482-0212,7/31/2023,false
347,Martin MacClure,mmacclure9m@ehow.com,701-232-5447,2/22/2023,false
348,Sibyl Pennings,spennings9n@weather.com,120-844-0083,7/9/2023,true
349,Northrup Angerstein,nangerstein9o@globo.com,692-160-0626,9/15/2023,true
350,Alair Steers,asteers9p@cbc.ca,582-486-3128,11/21/2022,true
351,Ramonda Mansuer,rmansuer9q@jigsy.com,710-801-8946,9/10/2023,true
352,Lynde Vaisey,lvaisey9r@cornell.edu,326-659-0779,11/19/2022,false
353,Deerdre Sercombe,dsercombe9s@163.com,617-138-5144,11/20/2022,true
354,Terrijo Pawels,tpawels9t@washingtonpost.com,583-620-7498,9/4/2023,false
355,Emilee Landman,elandman9u@google.nl,788-449-7422,5/5/2023,true
356,Celestia Shoobridge,cshoobridge9v@pcworld.com,860-946-8465,9/25/2023,true
357,Felic Maddocks,fmaddocks9w@shinystat.com,216-328-9595,1/23/2023,true
358,Stanleigh Boffin,sboffin9x@cnet.com,102-971-4613,7/6/2023,true
359,Randi Local,rlocal9y@ifeng.com,650-369-7027,4/25/2023,true
360,Raynell Pinnington,rpinnington9z@slate.com,283-342-7460,7/16/2023,true
361,Ludovico Stovell,lstovella0@auda.org.au,129-968-0247,10/11/2023,false
362,Marvin Lippi,mlippia1@wikispaces.com,441-880-6169,5/14/2023,true
363,Lawry Nolte,lnoltea2@abc.net.au,674-105-0324,5/16/2023,true
364,Cirillo Backes,cbackesa3@feedburner.com,178-343-2037,4/28/2023,false
365,Mora Jurasek,mjuraseka4@ustream.tv,952-571-7093,8/24/2023,true
366,Marwin Kinloch,mkinlocha5@ibm.com,370-479-1751,1/11/2023,true
367,Nial Southouse,nsouthousea6@fema.gov,721-665-1457,9/21/2023,true
368,Georges Berns,gbernsa7@marriott.com,645-109-9161,9/28/2023,false
369,Brina Schiersch,bschierscha8@sfgate.com,479-661-2931,10/6/2023,false
370,Livvy Forsdike,lforsdikea9@cnet.com,302-880-5604,2/26/2023,false
371,Woodie Setchell,wsetchellaa@mit.edu,983-126-8996,7/7/2023,false
372,Zacharie Sweetsur,zsweetsurab@amazonaws.com,765-581-7019,9/8/2023,true
373,Cammy Ostler,costlerac@blogtalkradio.com,710-547-6875,9/6/2023,true
374,Florri Biskupiak,fbiskupiakad@desdev.cn,874-120-9313,12/11/2022,false
375,Clement Logue,clogueae@sphinn.com,944-508-1769,10/17/2023,true
376,Joellen Crookshank,jcrookshankaf@aboutads.info,523-169-3736,6/8/2023,false
377,Ainslee Rubinlicht,arubinlichtag@google.com,492-642-0693,2/8/2023,false
378,Rhiamon Kenford,rkenfordah@flickr.com,917-627-7752,6/19/2023,false
379,Fabiano Yanyshev,fyanyshevai@ebay.com,854-241-2567,10/11/2023,true
380,Shalom Boggs,sboggsaj@tinypic.com,507-950-6911,3/29/2023,false
381,Joane Hub,jhubak@ustream.tv,404-202-0129,3/31/2023,true
382,Barbi Esche,bescheal@newyorker.com,921-732-6982,8/18/2023,true
383,Margarete Meneghi,mmeneghiam@ameblo.jp,193-917-1158,9/5/2023,true
384,Currie Pendrid,cpendridan@umn.edu,747-562-2259,6/29/2023,true
385,Dewey Grisley,dgrisleyao@blog.com,765-560-4258,6/5/2023,false
386,Tomasine Iannelli,tiannelliap@github.com,478-247-1230,11/19/2022,true
387,Wilhelmine Forman,wformanaq@wix.com,162-626-4130,10/22/2022,true
388,Johann Wear,jwearar@pen.io,739-589-4686,9/9/2023,false
389,Nomi Borrows,nborrowsas@php.net,908-245-7215,5/16/2023,true
390,Rhodie Hurlestone,rhurlestoneat@tripadvisor.com,125-849-2891,12/3/2022,false
391,Erika Telega,etelegaau@google.co.uk,588-814-7385,2/11/2023,true
392,Angelika Lockyer,alockyerav@ow.ly,830-938-6294,10/15/2023,false
393,Nevin Trodden,ntroddenaw@howstuffworks.com,953-816-7669,5/23/2023,false
394,Tonia Noke,tnokeax@tumblr.com,441-188-3115,5/23/2023,true
395,Horatius Woolbrook,hwoolbrookay@cdbaby.com,737-609-0468,9/11/2023,false
396,Hortense Golding,hgoldingaz@bizjournals.com,515-851-6209,12/7/2022,false
397,Garnet Buchanan,gbuchananb0@marketwatch.com,908-206-1939,10/25/2022,false
398,Hailee Bridson,hbridsonb1@ask.com,855-977-9935,5/6/2023,false
399,Colas Headland,cheadlandb2@linkedin.com,356-895-6569,5/29/2023,true
400,Rancell Gohier,rgohierb3@dion.ne.jp,616-683-3747,1/4/2023,true
401,Jeromy Quarterman,jquartermanb4@hc360.com,351-648-6023,11/23/2022,true
402,Pauli Ivory,pivoryb5@flavors.me,409-247-8115,12/25/2022,false
403,Merl Srawley,msrawleyb6@tmall.com,236-319-5794,3/12/2023,false
404,Price Lamey,plameyb7@ask.com,741-897-9180,7/19/2023,false
405,Danell Sutor,dsutorb8@pinterest.com,117-880-3070,5/25/2023,true
406,Mikol Whewill,mwhewillb9@nyu.edu,476-673-8373,11/20/2022,false
407,Tabina Biles,tbilesba@whitehouse.gov,282-937-9357,3/23/2023,true
408,Olivie Kettlesing,okettlesingbb@opensource.org,294-411-0054,6/15/2023,false
409,Binny Bothie,bbothiebc@comcast.net,132-298-7260,2/12/2023,false
410,Cordell Cordeux,ccordeuxbd@blogs.com,268-671-9038,6/1/2023,true
411,Dore O'Lenechan,dolenechanbe@so-net.ne.jp,309-919-1450,11/15/2022,true
412,Vonni Shillinglaw,vshillinglawbf@boston.com,339-617-5324,8/6/2023,true
413,Sutherlan Curnick,scurnickbg@hc360.com,845-992-7121,9/12/2023,false
414,Nanine Burchard,nburchardbh@google.de,894-186-8468,9/3/2023,false
415,Graeme Shoppee,gshoppeebi@example.com,246-650-9951,11/5/2022,true
416,Dalenna Quinnelly,dquinnellybj@tripadvisor.com,868-463-3108,10/30/2022,true
417,Delmar Boscher,dboscherbk@narod.ru,648-364-6771,3/31/2023,true
418,Candide Vowell,cvowellbl@google.co.uk,372-895-3637,4/28/2023,true
419,Stefanie Duquesnay,sduquesnaybm@liveinternet.ru,445-119-4365,7/21/2023,true
420,Olia Birdwhistle,obirdwhistlebn@artisteer.com,371-287-1473,10/24/2022,true
421,Minny Gowing,mgowingbo@un.org,836-242-3951,7/22/2023,false
422,Gladi Lysaght,glysaghtbp@cmu.edu,578-987-4691,7/12/2023,false
423,Wiatt Boylin,wboylinbq@miibeian.gov.cn,911-885-3693,10/28/2022,true
424,Hardy Collopy,hcollopybr@twitpic.com,211-797-4058,10/8/2023,true
425,Bryn Alu,balubs@usa.gov,142-440-1119,7/3/2023,false
426,Cristen Ambrogelli,cambrogellibt@stanford.edu,906-960-9058,5/21/2023,true
427,Sheila-kathryn Polle,spollebu@homestead.com,657-700-2684,10/18/2023,true
428,Ignaz Sarge,isargebv@archive.org,600-670-4034,8/26/2023,false
429,Templeton Rattrie,trattriebw@japanpost.jp,604-381-4410,5/14/2023,true
430,Melisandra Silver,msilverbx@bloglovin.com,928-610-2795,3/22/2023,false
431,Minne Iorillo,miorilloby@ebay.co.uk,220-482-3685,10/30/2022,false
432,Ellyn Ackermann,eackermannbz@vistaprint.com,631-205-8244,1/28/2023,false
433,Jason Bristow,jbristowc0@smh.com.au,847-854-5611,12/11/2022,true
434,Adrea Royste,aroystec1@dmoz.org,698-322-8344,3/25/2023,false
435,Caritta Tolussi,ctolussic2@de.vu,231-507-2610,2/5/2023,true
436,Ethelin Mangenot,emangenotc3@rediff.com,874-885-7910,11/11/2022,false
437,Hervey Larraway,hlarrawayc4@abc.net.au,348-443-6385,5/31/2023,true
438,Kimball Bramsen,kbramsenc5@techcrunch.com,789-351-8481,3/23/2023,true
439,Merill Tonge,mtongec6@intel.com,335-663-3045,6/22/2023,false
440,Sinclare Teare,stearec7@deviantart.com,906-786-2820,1/9/2023,true
441,Willyt Herries,wherriesc8@microsoft.com,816-197-5525,12/1/2022,false
442,Leisha Tuther,ltutherc9@oakley.com,787-848-7928,12/18/2022,false
443,Lester Smidmore,lsmidmoreca@wisc.edu,815-387-0890,10/29/2022,true
444,Arley Gapper,agappercb@abc.net.au,492-460-5897,12/30/2022,true
445,Tye Gouley,tgouleycc@paginegialle.it,445-396-9466,12/23/2022,false
446,Lacee Powers,lpowerscd@elpais.com,652-499-3347,10/25/2022,true
447,Clevey Radki,cradkice@shop-pro.jp,968-722-1094,8/13/2023,true
448,Jarrad Verchambre,jverchambrecf@deviantart.com,748-395-1392,12/9/2022,true
449,Tasha Dudney,tdudneycg@technorati.com,953-839-4771,9/28/2023,false
450,Bearnard Nealon,bnealonch@gmpg.org,424-172-1389,12/17/2022,true
451,Valli Gudgen,vgudgenci@columbia.edu,564-957-5811,6/16/2023,true
452,Jewel Grinstead,jgrinsteadcj@opensource.org,802-696-0570,2/3/2023,false
453,Joya Piecha,jpiechack@apple.com,513-404-9337,11/20/2022,false
454,Renard Woodworth,rwoodworthcl@woothemes.com,138-680-6212,10/1/2023,true
455,Adelice Elsmore,aelsmorecm@skype.com,373-747-6520,3/16/2023,true
456,Blake Brotherwood,bbrotherwoodcn@china.com.cn,250-524-1009,3/13/2023,true
457,Grant Wartonby,gwartonbyco@amazonaws.com,738-244-6281,7/18/2023,true
458,Bevon Belton,bbeltoncp@plala.or.jp,573-406-6680,12/27/2022,true
459,Rollie Egleton,regletoncq@dyndns.org,287-796-8713,2/25/2023,true
460,Jeromy Dubose,jdubosecr@aol.com,343-892-1527,4/11/2023,true
461,Darrell Vaughan-Hughes,dvaughanhughescs@reddit.com,986-697-8055,8/7/2023,true
462,Lolita Pitcock,lpitcockct@youku.com,689-384-0452,5/8/2023,true
463,Harmony Thirwell,hthirwellcu@studiopress.com,613-139-0558,12/20/2022,false
464,Raeann O'Scollee,roscolleecv@bravesites.com,503-402-0134,1/28/2023,true
465,Andi Rivelon,ariveloncw@blogtalkradio.com,367-821-3012,1/12/2023,false
466,Britt Ondrusek,bondrusekcx@github.io,643-310-2548,12/20/2022,true
467,Anna Terbeek,aterbeekcy@ft.com,191-785-3383,12/29/2022,false
468,Skippie De Gregario,sdecz@sciencedirect.com,199-228-1841,3/7/2023,false
469,Jasmine Knappen,jknappend0@pen.io,278-521-8164,4/26/2023,true
470,Brana Kuhl,bkuhld1@cdbaby.com,567-803-6351,3/24/2023,true
471,Janice Blurton,jblurtond2@phpbb.com,642-363-7710,3/9/2023,false
472,Cherrita Ingleston,cinglestond3@about.me,395-438-9952,9/20/2023,true
473,Vassily Binnes,vbinnesd4@desdev.cn,498-452-3604,7/2/2023,true
474,Luelle Housegoe,lhousegoed5@springer.com,629-242-0115,7/28/2023,false
475,Maribel Michell,mmichelld6@sbwire.com,750-406-7305,10/18/2023,true
476,Gilbertina Kirvell,gkirvelld7@sakura.ne.jp,983-882-7529,2/23/2023,true
477,Sally Alderson,saldersond8@phpbb.com,688-728-3401,12/16/2022,false
478,Kala Aubry,kaubryd9@goo.ne.jp,466-400-0630,2/5/2023,false
479,Worthy Gallimore,wgallimoreda@xrea.com,747-815-0873,5/13/2023,true
480,Teena Waud,twauddb@reuters.com,707-380-3554,9/8/2023,false
481,Karleen Colecrough,kcolecroughdc@businesswire.com,194-413-4934,7/11/2023,false
482,Dario Welbrock,dwelbrockdd@squarespace.com,854-116-1233,11/25/2022,true
483,Benn Threadgold,bthreadgoldde@artisteer.com,324-390-3632,4/1/2023,false
484,Marian Lathe,mlathedf@slashdot.org,318-619-7174,5/15/2023,false
485,Brandise Landall,blandalldg@springer.com,744-223-3653,6/16/2023,true
486,Clarisse Nairns,cnairnsdh@fda.gov,779-793-9589,5/18/2023,false
487,Murvyn Barthram,mbarthramdi@army.mil,726-707-9026,7/25/2023,true
488,Erie Bergen,ebergendj@google.com.br,902-852-5583,10/31/2022,false
489,Frannie Blakeley,fblakeleydk@g.co,108-452-8394,10/26/2022,true
490,Meghan Trumble,mtrumbledl@wiley.com,408-798-4856,3/11/2023,true
491,Marice Davall,mdavalldm@sciencedirect.com,180-446-1963,1/29/2023,true
492,Ingaberg Jankiewicz,ijankiewiczdn@studiopress.com,613-451-4661,1/4/2023,false
493,Emiline Burehill,eburehilldo@nih.gov,894-200-4973,9/30/2023,true
494,Kellen Bathoe,kbathoedp@arizona.edu,961-774-2297,1/8/2023,false
495,Jacquelin Ockenden,jockendendq@gov.uk,521-677-1968,5/27/2023,true
496,Meara Vittori,mvittoridr@amazon.co.jp,818-191-7101,12/14/2022,false
497,Gino Coppock.,gcoppockds@wikipedia.org,804-346-1603,2/13/2023,false
498,Marsiella Andrejevic,mandrejevicdt@360.cn,542-690-3331,11/9/2022,true
499,Shayna Mackerel,smackereldu@nhs.uk,893-417-7285,9/23/2023,false
500,Xaviera Gradley,xgradleydv@google.es,972-928-7020,8/26/2023,false
501,Orbadiah Ochiltree,oochiltreedw@mozilla.com,105-541-1447,11/6/2022,false
502,Rorie Buzek,rbuzekdx@nbcnews.com,908-168-1945,8/29/2023,false
503,Jere Jindra,jjindrady@behance.net,514-157-2187,2/20/2023,true
504,Faith Dunnico,fdunnicodz@twitpic.com,344-787-1624,7/23/2023,true
505,Sergio Maulden,smauldene0@house.gov,522-242-7690,10/18/2023,true
506,Marian Jenicke,mjenickee1@mac.com,149-480-5242,1/7/2023,false
507,Roman Korf,rkorfe2@symantec.com,613-528-6735,11/7/2022,false
508,Hiram Danat,hdanate3@sogou.com,235-510-7339,11/4/2022,true
509,Court Valentelli,cvalentellie4@cdc.gov,396-287-4864,9/15/2023,false
510,Hiram Luney,hluneye5@discovery.com,741-311-7772,4/26/2023,false
511,Pip Warratt,pwarratte6@whitehouse.gov,589-555-2415,2/13/2023,false
512,Shena Checcucci,scheccuccie7@army.mil,239-175-7199,5/16/2023,true
513,Sigrid Truin,struine8@wufoo.com,213-287-9670,7/11/2023,true
514,Merrel Urrey,murreye9@unblog.fr,243-756-9706,9/23/2023,true
515,Naoma Bullimore,nbullimoreea@nbcnews.com,144-693-7803,4/20/2023,true
516,Linell Durbin,ldurbineb@php.net,645-734-7153,4/21/2023,true
517,Nerty Lints,nlintsec@ft.com,684-672-0081,9/9/2023,false
518,Olwen Chander,ochandered@furl.net,520-990-9480,7/18/2023,false
519,Colet Gaymar,cgaymaree@ucoz.ru,152-968-0896,10/22/2022,false
520,Jeni Offener,joffeneref@google.co.uk,382-316-1585,1/12/2023,false
521,Charline Rubinsztein,crubinszteineg@yellowbook.com,347-447-2919,11/9/2022,true
522,Florance Pirrey,fpirreyeh@about.me,414-892-9812,1/7/2023,true
523,Harris Fullwood,hfullwoodei@cbsnews.com,471-152-3794,12/2/2022,true
524,Debby Huglin,dhuglinej@gmpg.org,263-331-9744,10/23/2022,false
525,Deedee Tithecott,dtithecottek@webs.com,763-983-4847,8/2/2023,true
526,Fancy Carlile,fcarlileel@purevolume.com,562-219-4495,11/20/2022,false
527,Iggy Gaskell,igaskellem@naver.com,361-905-9464,6/16/2023,true
528,Dag Raithbie,draithbieen@ucoz.com,781-536-3915,4/20/2023,false
529,Alastair Laba,alabaeo@army.mil,662-267-5345,5/11/2023,false
530,Nils Tortoishell,ntortoishellep@cnet.com,401-711-3953,8/19/2023,true
531,Dean Dowdam,ddowdameq@google.com.hk,658-717-4473,9/19/2023,true
532,Andrey Gerbi,agerbier@shutterfly.com,858-484-8730,1/23/2023,false
533,Rafaela Sumsion,rsumsiones@deviantart.com,190-731-6183,7/31/2023,true
534,Lynde Bartod,lbartodet@latimes.com,189-988-0994,12/11/2022,false
535,Tawsha Toffoloni,ttoffolonieu@moonfruit.com,799-744-0845,3/6/2023,true
536,Orv Sheriff,osheriffev@census.gov,811-922-6076,2/24/2023,false
537,Cherey Fruchter,cfruchterew@plala.or.jp,645-141-2150,10/25/2022,false
538,Lesya Asbury,lasburyex@youtube.com,944-555-4373,11/29/2022,false
539,Valina Garman,vgarmaney@about.me,111-379-2794,2/4/2023,true
540,Craggy Heinert,cheinertez@google.es,413-294-8980,8/29/2023,false
541,Lyle Eggers,leggersf0@quantcast.com,760-313-1176,3/18/2023,true
542,Mirilla Hellin,mhellinf1@sciencedaily.com,832-791-7664,1/4/2023,true
543,Petronia Andre,pandref2@infoseek.co.jp,718-758-1390,9/25/2023,false
544,Harriott Yesichev,hyesichevf3@washingtonpost.com,901-963-7588,2/19/2023,false
545,Hollis Gasticke,hgastickef4@google.co.jp,428-580-1562,3/18/2023,true
546,Wiatt Fishleigh,wfishleighf5@miibeian.gov.cn,185-178-8705,10/14/2023,true
547,Donny Trimmill,dtrimmillf6@angelfire.com,285-358-1030,2/11/2023,false
548,Darrel Gladbach,dgladbachf7@ft.com,268-592-0030,11/7/2022,true
549,Don Goldsack,dgoldsackf8@cisco.com,448-539-8305,8/15/2023,true
550,Mandi Joberne,mjobernef9@unc.edu,171-524-7440,10/19/2022,false
551,Agneta Lochead,alocheadfa@upenn.edu,204-976-4131,9/18/2023,true
552,Hasheem Isabell,hisabellfb@bloglines.com,942-610-8055,12/13/2022,false
553,Mohandis Nannini,mnanninifc@aol.com,687-877-8706,4/14/2023,true
554,Rouvin Dunniom,rdunniomfd@slashdot.org,120-812-0821,4/9/2023,false
555,Belita Bennie,bbenniefe@infoseek.co.jp,588-135-3477,4/19/2023,false
556,Ingaberg Striker,istrikerff@surveymonkey.com,336-478-3920,5/9/2023,true
557,Janaye Shalders,jshaldersfg@hp.com,336-239-1355,6/6/2023,false
558,Sherilyn Gravenell,sgravenellfh@npr.org,928-456-5919,7/29/2023,false
559,Morse McLeoid,mmcleoidfi@tinypic.com,662-810-1953,5/23/2023,true
560,Jilleen Row,jrowfj@dagondesign.com,790-989-8256,9/15/2023,false
561,Daniella Lugg,dluggfk@bing.com,270-994-8694,5/15/2023,true
562,Morten Dalling,mdallingfl@aol.com,372-192-8204,12/31/2022,true
563,Batholomew Grayer,bgrayerfm@sphinn.com,490-673-0003,9/29/2023,true
564,Doris Peschmann,dpeschmannfn@parallels.com,347-433-9045,1/25/2023,true
565,Dena Sired,dsiredfo@pbs.org,184-801-6039,2/12/2023,false
566,Dell Cromack,dcromackfp@unblog.fr,179-845-9236,1/17/2023,true
567,Staford Camois,scamoisfq@hatena.ne.jp,943-942-4277,5/6/2023,true
568,Kaylee Davydoch,kdavydochfr@google.com.au,522-107-0862,10/13/2023,true
569,Jamil Lissandrini,jlissandrinifs@stumbleupon.com,905-973-2670,8/20/2023,true
570,Cyndie Jakubczyk,cjakubczykft@engadget.com,748-937-9026,10/27/2022,false
571,Kippie Oldacres,koldacresfu@google.com.br,121-557-6636,2/18/2023,false
572,Benedict Imlock,bimlockfv@theglobeandmail.com,899-539-2806,11/20/2022,true
573,Frederich Foley,ffoleyfw@ucoz.ru,388-892-2970,9/8/2023,false
574,Lauritz Joisce,ljoiscefx@nydailynews.com,277-925-9164,1/12/2023,true
575,Mareah Hucknall,mhucknallfy@nyu.edu,942-168-3013,11/22/2022,false
576,Meghann Brient,mbrientfz@diigo.com,224-303-1938,3/20/2023,true
577,Mina Yannoni,myannonig0@ovh.net,279-828-0829,7/14/2023,true
578,Nata Tanzer,ntanzerg1@npr.org,665-388-4008,9/5/2023,false
579,Inigo Liepins,iliepinsg2@sciencedirect.com,436-810-2973,4/21/2023,true
580,Aurea Nineham,aninehamg3@posterous.com,216-442-5860,1/16/2023,false
581,Peria Vettore,pvettoreg4@dot.gov,814-498-4414,10/12/2023,false
582,Jessey Londsdale,jlondsdaleg5@delicious.com,537-598-8358,2/12/2023,true
583,Carly Rraundl,crraundlg6@feedburner.com,335-732-6579,1/29/2023,true
584,Siana Fulbrook,sfulbrookg7@odnoklassniki.ru,212-306-7322,8/25/2023,false
585,Liv Serotsky,lserotskyg8@hhs.gov,678-613-3344,12/31/2022,false
586,Rod Frunks,rfrunksg9@yellowpages.com,146-595-8507,11/22/2022,true
587,Charis Schoenfisch,cschoenfischga@tinypic.com,550-916-0108,8/7/2023,true
588,Collen Plewman,cplewmangb@google.com,697-304-4612,1/24/2023,true
589,Tomi Sparsholt,tsparsholtgc@theguardian.com,141-473-3460,9/23/2023,true
590,Trudy Bernardez,tbernardezgd@wiley.com,971-858-2607,5/3/2023,true
591,Irving Copcote,icopcotege@icio.us,224-344-5656,3/13/2023,false
592,Frannie Abeles,fabelesgf@prnewswire.com,720-598-1100,8/29/2023,true
593,Kinny Gosby,kgosbygg@si.edu,185-237-5260,6/4/2023,false
594,Candi Bento,cbentogh@mozilla.com,120-850-9555,11/13/2022,false
595,Carol Cronchey,ccroncheygi@hp.com,477-465-4427,4/22/2023,false
596,Roberta Labern,rlaberngj@cyberchimps.com,254-918-5015,11/15/2022,false
597,Sande Buist,sbuistgk@earthlink.net,353-194-1574,5/17/2023,true
598,Caroljean Serfati,cserfatigl@npr.org,575-140-0027,1/5/2023,true
599,Stephen Mowne,smownegm@over-blog.com,407-204-8024,9/17/2023,true
600,Cleavland Maccraw,cmaccrawgn@upenn.edu,789-420-1609,11/20/2022,true
601,Lindsy Steddall,lsteddallgo@de.vu,951-534-0465,1/28/2023,true
602,Beatrix Danzelman,bdanzelmangp@wisc.edu,452-793-3114,9/21/2023,true
603,Leese De la Barre,ldegq@cbc.ca,569-796-0138,2/24/2023,false
604,Chaddy Gaitley,cgaitleygr@tamu.edu,228-109-5742,6/9/2023,true
605,Dana Favela,dfavelags@nsw.gov.au,391-527-8984,4/11/2023,true
606,Margarete Goffe,mgoffegt@pbs.org,600-162-3537,3/23/2023,true
607,Kaylee Quenell,kquenellgu@amazonaws.com,298-880-1878,3/21/2023,true
608,Giffie Boldison,gboldisongv@jimdo.com,722-458-5540,4/21/2023,true
609,Augustina Coward,acowardgw@prlog.org,158-836-0408,11/23/2022,false
610,Yetta Ezzy,yezzygx@joomla.org,685-431-9633,10/21/2022,false
611,Correy Emmins,cemminsgy@myspace.com,113-275-7942,4/5/2023,true
612,Dorisa Santarelli,dsantarelligz@topsy.com,573-313-7232,12/21/2022,true
613,Blinnie Yedy,byedyh0@pagesperso-orange.fr,987-199-5838,10/20/2022,false
614,Hobard Vandrill,hvandrillh1@sakura.ne.jp,604-882-1448,2/24/2023,false
615,Walden Northing,wnorthingh2@theatlantic.com,506-963-4173,12/28/2022,false
616,Jana Butterly,jbutterlyh3@baidu.com,616-773-7906,4/9/2023,false
617,Terrijo Franzolini,tfranzolinih4@pcworld.com,547-743-6533,6/15/2023,true
618,Amata Ramelet,arameleth5@google.cn,302-556-3487,4/16/2023,true
619,Finlay Pensom,fpensomh6@marriott.com,850-570-6481,12/27/2022,true
620,Bear Aveyard,baveyardh7@merriam-webster.com,689-494-7934,12/12/2022,true
621,Demeter Furmonger,dfurmongerh8@people.com.cn,842-306-6271,3/6/2023,false
622,Somerset Grealish,sgrealishh9@statcounter.com,116-106-9301,11/27/2022,true
623,Sargent MacDunlevy,smacdunlevyha@imdb.com,970-865-2992,4/22/2023,false
624,Madelina Batchellor,mbatchellorhb@boston.com,116-182-1252,3/25/2023,false
625,Joycelin Barens,jbarenshc@simplemachines.org,875-409-2161,12/13/2022,true
626,Elie Norsworthy,enorsworthyhd@blogspot.com,647-126-2586,2/14/2023,false
627,Rik Biesty,rbiestyhe@blog.com,146-823-7143,10/14/2023,false
628,Deanne Quoit,dquoithf@nbcnews.com,807-336-9679,11/23/2022,false
629,Marris Feenan,mfeenanhg@ucla.edu,670-731-2096,2/13/2023,true
630,Larine Annesley,lannesleyhh@nymag.com,459-447-9427,4/1/2023,false
631,Orelie Eginton,oegintonhi@mapy.cz,475-308-6115,4/26/2023,true
632,Liuka Larkby,llarkbyhj@pagesperso-orange.fr,340-558-5782,6/18/2023,false
633,Wenona Tejada,wtejadahk@ezinearticles.com,251-659-2663,1/28/2023,false
634,Aurelie Topping,atoppinghl@telegraph.co.uk,444-636-7706,1/27/2023,true
635,Conny Zecchini,czecchinihm@blogs.com,368-964-5618,11/19/2022,true
636,Tiffani Itzhak,titzhakhn@ca.gov,686-414-7781,7/31/2023,false
637,Jereme Gutherson,jguthersonho@example.com,497-570-0766,4/29/2023,true
638,Jacquelynn Skerritt,jskerritthp@redcross.org,290-376-2431,12/26/2022,false
639,Amber Thackeray,athackerayhq@dailymotion.com,755-320-0908,4/29/2023,true
640,Joseito Shedd,jsheddhr@princeton.edu,873-492-1949,4/20/2023,true
641,Celestina Karolowski,ckarolowskihs@msn.com,696-409-0849,7/7/2023,false
642,Marinna Hubback,mhubbackht@businessinsider.com,643-762-0890,10/25/2022,true
643,Ellynn Crumley,ecrumleyhu@zdnet.com,796-988-6414,1/31/2023,false
644,Alberta Burges,aburgeshv@dailymail.co.uk,407-927-5262,1/8/2023,true
645,Erika Dederich,edederichhw@mail.ru,297-322-4677,10/16/2023,false
646,Quincey Trewhela,qtrewhelahx@yahoo.com,849-234-4573,12/10/2022,true
647,Teodor Archbell,tarchbellhy@cafepress.com,996-689-1348,7/13/2023,true
648,Lemuel Croydon,lcroydonhz@sbwire.com,517-832-5618,9/20/2023,false
649,Kellen Penhale,kpenhalei0@kickstarter.com,516-376-4054,2/17/2023,false
650,Allyce Zanotti,azanottii1@behance.net,247-194-7364,2/24/2023,false
651,Lil Emlin,lemlini2@ustream.tv,995-181-5859,1/11/2023,true
652,Lavinia Mabley,lmableyi3@theguardian.com,742-800-0798,10/6/2023,true
653,Fidelio Blythe,fblythei4@google.ca,365-960-9395,7/25/2023,true
654,Yovonnda Weekley,yweekleyi5@howstuffworks.com,884-239-4605,12/12/2022,false
655,Bernarr Van der Merwe,bvani6@networkadvertising.org,997-885-0685,4/16/2023,true
656,Delila McBain,dmcbaini7@jugem.jp,690-136-9045,8/7/2023,false
657,Carola Goodlatt,cgoodlatti8@addtoany.com,551-831-7006,6/15/2023,true
658,Shanie Baraclough,sbaracloughi9@illinois.edu,974-307-2932,2/21/2023,true
659,Quent Eunson,qeunsonia@state.tx.us,713-369-3460,7/28/2023,false
660,Linnet Spinley,lspinleyib@huffingtonpost.com,113-435-9885,11/1/2022,false
661,Husein Neiland,hneilandic@wordpress.com,399-767-4368,5/27/2023,false
662,Humfrey Cawse,hcawseid@bloglines.com,606-881-7359,10/22/2022,true
663,Harriette Renn,hrennie@java.com,975-470-6134,6/9/2023,true
664,Deerdre Scandroot,dscandrootif@nymag.com,537-956-0053,8/10/2023,true
665,Hiram Shipley,hshipleyig@ow.ly,913-209-5435,3/24/2023,true
666,Deane Witty,dwittyih@wikimedia.org,930-847-3809,5/10/2023,false
667,Ronnie McGilvray,rmcgilvrayii@youtu.be,325-203-3092,9/10/2023,false
668,Jefferson Carruthers,jcarruthersij@sciencedaily.com,731-734-2964,3/20/2023,false
669,Wynny Bird,wbirdik@eepurl.com,919-295-4448,10/2/2023,false
670,Temple Boken,tbokenil@dion.ne.jp,968-852-8670,9/21/2023,true
671,Delphine Swait,dswaitim@answers.com,555-870-2367,8/7/2023,false
672,Doreen Crookston,dcrookstonin@techcrunch.com,883-831-7088,2/19/2023,true
673,Cris Tiesman,ctiesmanio@icq.com,553-357-6062,9/13/2023,false
674,Herminia Backler,hbacklerip@de.vu,366-568-0971,7/24/2023,false
675,Hillery Tondeur,htondeuriq@tinypic.com,960-668-4901,4/27/2023,true
676,Hobart Adderley,hadderleyir@rambler.ru,713-968-4772,10/6/2023,false
677,Jordan Inott,jinottis@dyndns.org,963-130-8454,1/19/2023,false
678,Drucie Gynn,dgynnit@ibm.com,537-583-0861,4/27/2023,false
679,Townsend Kettel,tketteliu@eepurl.com,217-844-9239,5/11/2023,false
680,Duane Annandale,dannandaleiv@histats.com,462-310-6336,9/24/2023,false
681,Brynn Ritelli,britelliiw@meetup.com,384-377-4812,2/13/2023,true
682,Ardelis Melia,ameliaix@buzzfeed.com,741-754-5722,9/11/2023,true
683,Roze Moncrefe,rmoncrefeiy@de.vu,851-854-9968,5/20/2023,false
684,Noak Guswell,nguswelliz@google.cn,404-816-6859,3/11/2023,true
685,Noelani Scripps,nscrippsj0@163.com,440-890-8280,12/7/2022,false
686,Blakeley Rudgley,brudgleyj1@tumblr.com,324-595-1611,6/5/2023,true
687,Stafford Vernazza,svernazzaj2@ning.com,282-952-4694,10/14/2023,false
688,Staford Rosenschein,srosenscheinj3@wisc.edu,253-307-2797,8/25/2023,true
689,Giulia Creaser,gcreaserj4@noaa.gov,473-715-0733,2/3/2023,true
690,Karole Ayers,kayersj5@godaddy.com,766-637-9393,3/13/2023,false
691,Lissi Misk,lmiskj6@blogs.com,471-620-3838,10/18/2023,false
692,Haydon Brodway,hbrodwayj7@geocities.com,838-329-4837,4/18/2023,false
693,Concettina Cartner,ccartnerj8@discovery.com,337-200-5909,12/31/2022,false
694,Marlane Chesshyre,mchesshyrej9@hc360.com,119-452-4847,8/27/2023,false
695,Andonis Hartington,ahartingtonja@miibeian.gov.cn,160-546-8311,1/15/2023,false
696,Aron Wiffen,awiffenjb@wisc.edu,336-115-6701,9/1/2023,false
697,Danny Getcliff,dgetcliffjc@typepad.com,148-422-8421,7/3/2023,true
698,Jeanelle Seaborne,jseabornejd@clickbank.net,209-948-9884,3/1/2023,false
699,Ruggiero MacArd,rmacardje@cargocollective.com,789-739-2574,1/21/2023,false
700,Bary Rioch,briochjf@fc2.com,484-615-8912,9/14/2023,false
701,Yulma Peatt,ypeattjg@facebook.com,337-922-3213,11/11/2022,true
702,Helsa Gayden,hgaydenjh@cargocollective.com,246-186-7074,4/4/2023,true
703,Eyde Cheesworth,echeesworthji@businessweek.com,900-904-1668,8/17/2023,false
704,Missie McRory,mmcroryjj@theatlantic.com,993-720-8967,3/13/2023,true
705,Donal Knowller,dknowllerjk@tumblr.com,234-155-6272,11/26/2022,true
706,Audrye Watkiss,awatkissjl@adobe.com,969-561-9770,1/13/2023,true
707,Ysabel Seamon,yseamonjm@smh.com.au,193-169-3853,2/7/2023,true
708,Harlene Hillaby,hhillabyjn@edublogs.org,944-563-1147,3/18/2023,false
709,Tallia Dabernott,tdabernottjo@psu.edu,672-387-7952,9/14/2023,true
710,Caritta McGraw,cmcgrawjp@wisc.edu,151-453-4175,8/8/2023,false
711,Griswold Rathjen,grathjenjq@pen.io,592-184-4853,9/10/2023,false
712,Bellanca Boord,bboordjr@google.it,228-480-1236,6/4/2023,false
713,Arv Pauwel,apauweljs@theatlantic.com,533-788-0601,4/28/2023,false
714,Gabriel Morde,gmordejt@gizmodo.com,620-641-4822,7/15/2023,true
715,Natalie Safhill,nsafhillju@scientificamerican.com,593-377-6248,1/24/2023,false
716,Sim Edmed,sedmedjv@boston.com,596-937-9371,11/24/2022,true
717,Carr Rosenfeld,crosenfeldjw@wired.com,774-772-1418,3/20/2023,true
718,Diandra Arpur,darpurjx@thetimes.co.uk,121-345-3798,5/2/2023,false
719,Noelyn Juste,njustejy@ifeng.com,521-805-2920,4/9/2023,true
720,Carmon Sagg,csaggjz@homestead.com,430-222-7850,3/29/2023,false
721,Rosana Krojn,rkrojnk0@epa.gov,494-438-9665,4/9/2023,false
722,Liam Meenehan,lmeenehank1@va.gov,761-825-8048,2/13/2023,false
723,Brooks Hince,bhincek2@instagram.com,102-957-2860,1/27/2023,false
724,Norina Franciskiewicz,nfranciskiewiczk3@privacy.gov.au,783-702-6036,9/23/2023,true
725,Rodd Kleinberer,rkleinbererk4@goo.gl,639-150-6317,4/27/2023,true
726,Marena Domeny,mdomenyk5@hao123.com,852-308-5480,11/19/2022,false
727,Urson Storrah,ustorrahk6@hud.gov,651-413-8910,10/6/2023,false
728,Rae O'Connel,roconnelk7@ft.com,566-418-7032,3/4/2023,true
729,Oralie Clayill,oclayillk8@cafepress.com,656-860-9785,6/5/2023,true
730,Thomasine Maypowder,tmaypowderk9@buzzfeed.com,621-167-8649,10/15/2023,false
731,Ailina Everall,aeverallka@gov.uk,106-301-1745,4/16/2023,true
732,Kipp Foxley,kfoxleykb@miibeian.gov.cn,642-244-7226,11/21/2022,false
733,Onofredo Raggles,oraggleskc@dell.com,574-927-8286,9/17/2023,true
734,Edmon Ulyet,eulyetkd@ebay.co.uk,592-475-0279,9/23/2023,true
735,Clerc Percifull,cpercifullke@bloomberg.com,925-722-2397,4/5/2023,true
736,Bertie Goshawk,bgoshawkkf@boston.com,884-350-4557,6/26/2023,false
737,Ettie Clapshaw,eclapshawkg@seattletimes.com,413-120-4971,12/26/2022,true
738,Ario M'cowis,amcowiskh@hibu.com,504-256-5783,2/20/2023,true
739,Marylou Patrick,mpatrickki@wp.com,551-818-5033,7/14/2023,true
740,Jasper Arden,jardenkj@fc2.com,468-357-5529,5/24/2023,true
741,Row Fackrell,rfackrellkk@liveinternet.ru,825-177-3660,10/14/2023,false
742,Inez Orgill,iorgillkl@netvibes.com,562-887-5055,7/8/2023,false
743,Ema Greystoke,egreystokekm@google.com.au,867-784-5429,8/11/2023,false
744,Moishe Broxton,mbroxtonkn@artisteer.com,522-863-1200,3/6/2023,true
745,Edita Foulgham,efoulghamko@behance.net,246-747-0421,4/20/2023,true
746,Riobard Pendlebury,rpendleburykp@weather.com,703-134-1799,8/24/2023,true
747,Munroe Gibling,mgiblingkq@foxnews.com,941-118-1891,9/5/2023,false
748,Mirilla Siviter,msiviterkr@4shared.com,751-707-8874,9/5/2023,true
749,Nicolai Addicott,naddicottks@ca.gov,125-183-7545,1/29/2023,true
750,Marigold Robertot,mrobertotkt@nymag.com,303-671-6878,10/10/2023,true
751,Sadella Petticrow,spetticrowku@tamu.edu,248-634-7080,5/12/2023,true
752,Johan McIlwreath,jmcilwreathkv@home.pl,600-789-6573,11/25/2022,false
753,Pet Semple,psemplekw@businesswire.com,393-994-5592,6/6/2023,false
754,Demetre Tresise,dtresisekx@hexun.com,191-608-8389,5/1/2023,true
755,Andris Eaves,aeavesky@w3.org,223-758-8180,6/8/2023,false
756,Sigrid Pisculli,spiscullikz@loc.gov,497-301-4864,8/4/2023,true
757,Gino Strand,gstrandl0@ovh.net,321-657-1677,5/28/2023,false
758,Ahmad Gammon,agammonl1@deliciousdays.com,410-933-6718,5/16/2023,true
759,Sydney Warre,swarrel2@ycombinator.com,895-476-3162,7/28/2023,false
760,Eleni Havvock,ehavvockl3@ifeng.com,788-407-4292,11/17/2022,true
761,Bancroft Strutley,bstrutleyl4@indiatimes.com,721-350-8773,4/23/2023,false
762,Ulrike Andreutti,uandreuttil5@discuz.net,724-440-2023,1/12/2023,false
763,Coretta Tristram,ctristraml6@meetup.com,212-673-4044,11/25/2022,false
764,Minni Deeble,mdeeblel7@netvibes.com,333-653-8973,8/25/2023,true
765,Ade Barrus,abarrusl8@1und1.de,219-382-1371,1/3/2023,false
766,Agretha Jacson,ajacsonl9@histats.com,697-673-2284,4/6/2023,true
767,Rafaello McGuigan,rmcguiganla@elpais.com,351-747-3512,10/23/2022,false
768,Tabby Seally,tseallylb@usa.gov,655-717-0870,9/2/2023,true
769,Nikola Hallum,nhallumlc@yelp.com,938-466-3182,12/31/2022,true
770,Norma Smail,nsmailld@zdnet.com,758-728-2432,5/30/2023,true
771,Waverley Strognell,wstrognellle@washington.edu,366-861-8773,12/10/2022,false
772,Esteban Cund,ecundlf@newsvine.com,162-736-9757,8/28/2023,true
773,Hewet Swinburne,hswinburnelg@redcross.org,819-125-2564,6/9/2023,false
774,Annice Heatherington,aheatheringtonlh@1und1.de,943-869-2192,8/22/2023,false
775,Elfie Shavel,eshavelli@livejournal.com,343-913-5664,9/24/2023,false
776,Valry Broadwood,vbroadwoodlj@virginia.edu,684-401-9835,6/28/2023,true
777,Humfrid Whittam,hwhittamlk@disqus.com,610-364-1897,11/5/2022,true
778,Amelina Reddell,areddellll@ycombinator.com,720-510-3913,6/10/2023,true
779,Rosie Wandless,rwandlesslm@nationalgeographic.com,976-402-9656,4/20/2023,false
780,Vincents Tetley,vtetleyln@vinaora.com,129-647-0107,3/22/2023,true
781,Alphonse Lightbown,alightbownlo@trellian.com,310-832-2715,2/26/2023,true
782,Marijo Jachimczak,mjachimczaklp@newsvine.com,220-893-4363,8/23/2023,true
783,Fredrika Bruckenthal,fbruckenthallq@dedecms.com,636-931-5663,11/6/2022,false
784,Jone Pristnor,jpristnorlr@jalbum.net,498-231-4331,3/23/2023,true
785,Rafi Klaassens,rklaassensls@eventbrite.com,239-152-3081,10/10/2023,true
786,Mabelle Tackes,mtackeslt@histats.com,380-436-3249,12/24/2022,false
787,Egor Arrow,earrowlu@apache.org,801-301-3637,2/3/2023,false
788,Rene Korb,rkorblv@ft.com,642-950-1330,4/24/2023,false
789,Desirae Cornelius,dcorneliuslw@oakley.com,704-600-3123,8/21/2023,false
790,Lancelot Kneebone,lkneebonelx@typepad.com,541-502-2900,4/30/2023,true
791,Willetta Jeaycock,wjeaycockly@linkedin.com,649-224-8823,5/2/2023,false
792,Perl Stollenbeck,pstollenbecklz@yale.edu,481-328-5706,12/10/2022,false
793,Freemon Quesne,fquesnem0@4shared.com,796-976-9683,7/31/2023,true
794,Hagen MacKeeg,hmackeegm1@usgs.gov,710-967-7751,6/11/2023,false
795,Berti Buggy,bbuggym2@aol.com,156-413-5263,4/24/2023,false
796,Ursula Stapleford,ustaplefordm3@github.com,611-549-2320,11/8/2022,true
797,Ammamaria Impey,aimpeym4@prweb.com,982-902-7976,8/23/2023,false
798,Laurence Slane,lslanem5@cnet.com,699-924-6406,2/10/2023,true
799,Jackqueline Stampe,jstampem6@businesswire.com,956-242-7379,5/26/2023,true
800,Harley Brister,hbristerm7@statcounter.com,751-305-8545,6/11/2023,false
801,Ethan Luxford,eluxfordm8@blinklist.com,477-690-2864,1/16/2023,false
802,Tove Dyton,tdytonm9@omniture.com,206-172-2544,8/18/2023,true
803,Gav Skeemer,gskeemerma@hostgator.com,647-624-4234,7/17/2023,true
804,Nickolaus Gribbin,ngribbinmb@goo.gl,618-682-7263,10/13/2023,false
805,Ruperta Saladine,rsaladinemc@ovh.net,320-594-9725,3/30/2023,true
806,Andra Nicholson,anicholsonmd@elpais.com,452-980-9917,10/18/2023,false
807,Kamillah Coath,kcoathme@mac.com,871-932-5395,6/16/2023,true
808,Olympe Tolumello,otolumellomf@latimes.com,768-982-7613,10/3/2023,false
809,Bogey Giabuzzi,bgiabuzzimg@plala.or.jp,409-888-6521,5/16/2023,true
810,Stesha Maywood,smaywoodmh@comsenz.com,704-573-6813,2/18/2023,false
811,Barry Hairs,bhairsmi@acquirethisname.com,730-133-9343,11/4/2022,false
812,Minny Frotton,mfrottonmj@hubpages.com,462-167-6277,5/5/2023,false
813,Alejoa Ruthven,aruthvenmk@dedecms.com,563-319-6718,1/6/2023,true
814,Denice Soppit,dsoppitml@disqus.com,195-908-5566,9/17/2023,false
815,Linell Balog,lbalogmm@mac.com,673-571-0627,12/8/2022,true
816,Catharina Richie,crichiemn@gravatar.com,226-346-3112,2/20/2023,true
817,Norri Shilstone,nshilstonemo@paginegialle.it,169-193-0794,7/26/2023,true
818,Hildy Moggach,hmoggachmp@tumblr.com,626-170-5453,12/13/2022,true
819,Corinne Soans,csoansmq@amazon.com,563-106-8049,9/1/2023,true
820,Dona Deverale,ddeveralemr@tmall.com,889-419-6375,8/3/2023,false
821,Cinnamon Wigginton,cwiggintonms@ftc.gov,881-249-9098,6/8/2023,true
822,Cymbre Duesberry,cduesberrymt@blogger.com,797-272-5910,4/26/2023,false
823,Nana Lerer,nlerermu@examiner.com,660-402-1655,6/30/2023,true
824,Zorina Lettsom,zlettsommv@ask.com,942-322-1164,12/4/2022,true
825,Webster Hartford,whartfordmw@cbsnews.com,461-311-3197,12/14/2022,false
826,Lisha Volcker,lvolckermx@spotify.com,640-229-0108,9/23/2023,false
827,Daune Simenon,dsimenonmy@independent.co.uk,813-970-2807,9/13/2023,true
828,Tabbi Deuss,tdeussmz@mapy.cz,406-123-0831,5/5/2023,false
829,Addy Felce,afelcen0@chronoengine.com,416-451-4288,12/25/2022,false
830,Niall Haszard,nhaszardn1@w3.org,264-106-7656,10/18/2023,false
831,Vanna Moorcraft,vmoorcraftn2@xing.com,409-959-3384,11/16/2022,false
832,Selia Moy,smoyn3@answers.com,338-669-6211,5/9/2023,true
833,Cecilius Tipple,ctipplen4@reference.com,631-260-2653,7/13/2023,false
834,Sherri Schimmang,sschimmangn5@amazon.de,540-252-9372,12/4/2022,false
835,Nettle Baron,nbaronn6@foxnews.com,377-253-7117,6/16/2023,true
836,Valaria Battlestone,vbattlestonen7@chicagotribune.com,475-136-6104,1/11/2023,true
837,Livvy Cockshutt,lcockshuttn8@hubpages.com,786-904-8909,8/1/2023,false
838,Walker Podmore,wpodmoren9@comsenz.com,475-569-8755,9/10/2023,false
839,Chrysler Hubach,chubachna@tuttocitta.it,512-398-8865,2/7/2023,true
840,Theodore Arbuckel,tarbuckelnb@google.ru,493-444-7211,11/4/2022,true
841,Sigismund Sommerfeld,ssommerfeldnc@samsung.com,339-542-8604,1/20/2023,false
842,Ella Mallows,emallowsnd@cafepress.com,607-856-4859,8/9/2023,false
843,Druci Rolston,drolstonne@nih.gov,740-631-1528,5/8/2023,true
844,Minna Gilliam,mgilliamnf@wunderground.com,268-234-9451,10/4/2023,false
845,Tonie Rathe,tratheng@behance.net,662-377-7079,5/28/2023,true
846,Jackson Danielovitch,jdanielovitchnh@a8.net,110-554-8044,6/18/2023,true
847,Tammy Fleg,tflegni@cdbaby.com,449-903-0983,4/23/2023,false
848,Shermy Bevar,sbevarnj@craigslist.org,129-538-8799,8/21/2023,true
849,Vaclav Ryall,vryallnk@ezinearticles.com,118-826-9195,7/22/2023,false
850,Boris Shyre,bshyrenl@myspace.com,719-417-7004,11/11/2022,true
851,Reeta Simmank,rsimmanknm@cbc.ca,198-455-9373,5/30/2023,false
852,Charmane Caudray,ccaudraynn@bing.com,351-125-8676,5/4/2023,true
853,Janella Leroy,jleroyno@theglobeandmail.com,659-482-7290,2/14/2023,false
854,Mozes Pochin,mpochinnp@ebay.co.uk,302-543-4595,4/24/2023,false
855,Kris Moylan,kmoylannq@usda.gov,944-507-4486,11/5/2022,true
856,Aliza Sebire,asebirenr@nsw.gov.au,600-943-4793,7/4/2023,true
857,Kit Draijer,kdraijerns@ed.gov,569-676-4679,5/16/2023,false
858,Dennet Dalyiel,ddalyielnt@blogger.com,139-631-4656,1/10/2023,false
859,Flinn Alwell,falwellnu@sbwire.com,599-480-9364,2/3/2023,true
860,Meredith Duddin,mduddinnv@webs.com,680-419-0666,6/4/2023,true
861,Hakeem Feld,hfeldnw@scribd.com,669-497-7250,8/30/2023,false
862,Ashien Stephenson,astephensonnx@slate.com,904-571-9889,11/8/2022,true
863,Murray Jacox,mjacoxny@theguardian.com,193-897-1677,6/11/2023,false
864,Antoni Taffs,ataffsnz@simplemachines.org,762-532-4256,10/22/2022,false
865,Granger Bloxham,gbloxhamo0@mapquest.com,919-192-8820,10/19/2022,true
866,Ginevra Tagg,gtaggo1@digg.com,823-677-6359,11/4/2022,false
867,Liam Purle,lpurleo2@photobucket.com,282-875-2821,3/21/2023,true
868,Ignacius Rentelll,irentelllo3@wunderground.com,206-909-9843,5/24/2023,false
869,Wainwright Josiah,wjosiaho4@reddit.com,762-683-4689,8/25/2023,true
870,Karlik Le Strange,kleo5@patch.com,713-507-4482,5/31/2023,false
871,Isiahi Budnk,ibudnko6@fastcompany.com,985-192-7051,12/21/2022,true
872,Bobbi Benterman,bbentermano7@bigcartel.com,934-550-0909,6/5/2023,false
873,Marthe Gerasch,mgerascho8@is.gd,146-643-9811,7/28/2023,true
874,Stanwood McAllester,smcallestero9@goo.ne.jp,645-377-4609,9/2/2023,false
875,Millard Cleen,mcleenoa@washington.edu,294-924-9614,7/15/2023,false
876,Davita Bleasby,dbleasbyob@youtube.com,787-966-1470,9/2/2023,true
877,Carolee Timmermann,ctimmermannoc@chicagotribune.com,119-703-3672,5/26/2023,false
878,Estelle Lethabridge,elethabridgeod@wix.com,189-569-6214,4/27/2023,false
879,Augustine Tilt,atiltoe@barnesandnoble.com,599-841-4008,12/15/2022,true
880,Daron Mapowder,dmapowderof@zdnet.com,219-415-2272,12/5/2022,false
881,Anallese Meddows,ameddowsog@who.int,131-165-3425,7/2/2023,false
882,Drew Viel,dvieloh@cafepress.com,491-658-8640,11/21/2022,true
883,Vassili Slyde,vslydeoi@state.tx.us,697-571-1205,7/3/2023,true
884,Emmalee Djurisic,edjurisicoj@amazon.co.uk,252-117-2783,2/14/2023,true
885,Gustaf Clawson,gclawsonok@privacy.gov.au,581-847-8311,1/9/2023,false
886,Stefano Kubasek,skubasekol@example.com,362-251-4229,3/18/2023,true
887,Emyle Avrahamof,eavrahamofom@bluehost.com,884-557-7399,6/8/2023,true
888,Rodolfo Pitbladdo,rpitbladdoon@mediafire.com,378-649-2184,7/18/2023,false
889,Erinna Freeburn,efreeburnoo@cafepress.com,318-636-2616,5/17/2023,true
890,Marian Churchyard,mchurchyardop@homestead.com,976-386-7249,9/19/2023,true
891,Sharla Rosenblum,srosenblumoq@hibu.com,370-575-6515,2/13/2023,false
892,Stearn Blease,sbleaseor@mapquest.com,389-452-0164,11/29/2022,false
893,Vonny McShee,vmcsheeos@diigo.com,521-473-4263,10/30/2022,true
894,Ermengarde Creboe,ecreboeot@wired.com,125-611-7580,3/14/2023,true
895,Cherianne Hague,chagueou@cornell.edu,431-970-9355,7/25/2023,false
896,Nettle Gymblett,ngymblettov@house.gov,541-883-7084,7/19/2023,false
897,Vivi Hurrell,vhurrellow@dropbox.com,137-527-9195,2/9/2023,true
898,Nathaniel Maharg,nmahargox@nydailynews.com,680-515-0055,2/17/2023,true
899,Caryl Vigers,cvigersoy@miitbeian.gov.cn,906-232-0123,10/5/2023,false
900,Gothart Jansens,gjansensoz@vk.com,740-452-4603,2/4/2023,false
901,Obed Brotherhed,obrotherhedp0@tiny.cc,927-351-2165,12/30/2022,true
902,Aggie Pentecust,apentecustp1@nyu.edu,540-193-9773,4/3/2023,true
903,Isac Grouse,igrousep2@smh.com.au,577-662-9374,4/16/2023,false
904,Shandeigh Pollastrone,spollastronep3@lycos.com,667-677-1193,9/28/2023,true
905,Allsun Pascoe,apascoep4@webnode.com,348-240-3130,7/11/2023,false
906,Zacharie Grzesiak,zgrzesiakp5@sciencedaily.com,647-954-3939,6/17/2023,false
907,Shelley Maharry,smaharryp6@mysql.com,143-411-1353,7/31/2023,true
908,Linn Pignon,lpignonp7@blinklist.com,134-927-7930,7/14/2023,false
909,Danice Simmill,dsimmillp8@zimbio.com,720-485-9830,4/24/2023,false
910,Ronnica Mapstone,rmapstonep9@goodreads.com,581-643-7187,7/11/2023,false
911,Kalli Tofful,ktoffulpa@gnu.org,481-708-3752,4/1/2023,true
912,Archibald Cayle,acaylepb@dmoz.org,564-331-3291,6/15/2023,true
913,Teresita Seers,tseerspc@slashdot.org,915-179-9514,3/3/2023,true
914,Meir Hurren,mhurrenpd@google.es,743-969-1450,3/2/2023,false
915,Mike Brownsill,mbrownsillpe@domainmarket.com,466-187-1457,7/18/2023,true
916,Dyane Kibbee,dkibbeepf@nationalgeographic.com,761-286-0169,5/23/2023,true
917,Trudi Riditch,triditchpg@sun.com,259-968-3496,6/6/2023,false
918,Axel Donaldson,adonaldsonph@about.com,216-466-9234,8/18/2023,false
919,Chrotoem Viccary,cviccarypi@businesswire.com,626-244-0347,10/25/2022,true
920,Valerie Fern,vfernpj@over-blog.com,372-632-2915,3/4/2023,true
921,Abe Haws,ahawspk@tripod.com,573-222-8533,3/28/2023,false
922,Dory Howbrook,dhowbrookpl@yellowpages.com,241-519-9116,8/7/2023,false
923,Tobey McIlwreath,tmcilwreathpm@sakura.ne.jp,502-614-2106,12/18/2022,false
924,Merrel Morando,mmorandopn@com.com,916-592-7771,5/5/2023,false
925,Kelley Kaplan,kkaplanpo@huffingtonpost.com,489-314-2468,1/18/2023,true
926,Francyne Benley,fbenleypp@amazon.de,551-569-3150,3/16/2023,false
927,Janeva Critcher,jcritcherpq@ustream.tv,875-331-8926,11/26/2022,true
928,Renelle Simak,rsimakpr@shinystat.com,359-514-9588,10/28/2022,true
929,Federica Perford,fperfordps@dailymotion.com,544-526-0815,12/1/2022,true
930,Normy Allain,nallainpt@usnews.com,989-869-9123,9/1/2023,false
931,Travis Harkins,tharkinspu@theglobeandmail.com,887-607-0867,9/20/2023,true
932,Bordy Frantsev,bfrantsevpv@answers.com,294-638-3819,5/26/2023,true
933,Nanette McCart,nmccartpw@over-blog.com,312-820-1593,2/5/2023,true
934,Filberto Hesbrook,fhesbrookpx@merriam-webster.com,852-604-4491,12/3/2022,false
935,Delmar Lapwood,dlapwoodpy@squarespace.com,550-365-6753,4/17/2023,false
936,Aggy Slayny,aslaynypz@technorati.com,526-403-9759,6/27/2023,false
937,Nobe Squelch,nsquelchq0@trellian.com,869-483-3190,11/12/2022,false
938,Jemmy Corrie,jcorrieq1@dailymail.co.uk,469-691-8834,2/16/2023,false
939,Jennee Doblin,jdoblinq2@marriott.com,719-755-3460,2/21/2023,false
940,Coral Ragot,cragotq3@godaddy.com,174-913-8457,5/16/2023,false
941,Arte Settle,asettleq4@webs.com,247-776-1959,11/12/2022,false
942,Armand Dunbobin,adunbobinq5@walmart.com,262-548-9390,10/17/2023,false
943,Allie Reijmers,areijmersq6@usatoday.com,827-252-4196,12/15/2022,true
944,Lorettalorna Perazzo,lperazzoq7@dyndns.org,117-510-2469,1/13/2023,true
945,Roana MacBrearty,rmacbreartyq8@npr.org,507-432-2084,10/2/2023,true
946,Reena Sparshutt,rsparshuttq9@t.co,314-225-9012,9/21/2023,false
947,Fianna Keble,fkebleqa@soundcloud.com,662-928-1820,2/12/2023,false
948,Dorri Massard,dmassardqb@photobucket.com,952-979-3269,7/11/2023,false
949,Peterus Meysham,pmeyshamqc@bloglines.com,358-801-0657,7/29/2023,true
950,Murial Dusey,mduseyqd@upenn.edu,315-611-2416,7/13/2023,false
951,Alana Linnett,alinnettqe@va.gov,611-994-0508,5/23/2023,false
952,Bud Esby,besbyqf@sitemeter.com,508-280-4154,3/11/2023,false
953,Malynda Pilmer,mpilmerqg@mit.edu,186-629-4645,8/30/2023,false
954,Lexy Charlin,lcharlinqh@networksolutions.com,205-442-0643,9/27/2023,false
955,Terrel Kornas,tkornasqi@surveymonkey.com,375-407-4455,8/21/2023,true
956,Giffard Klishin,gklishinqj@accuweather.com,991-448-2523,12/10/2022,true
957,Michelina Simants,msimantsqk@1688.com,100-759-9244,7/14/2023,false
958,Corrina Castagnier,ccastagnierql@ucoz.ru,250-601-1274,12/7/2022,true
959,Gertrude Gillatt,ggillattqm@telegraph.co.uk,500-271-5022,6/19/2023,true
960,Mufinella Stribbling,mstribblingqn@vk.com,186-622-8067,5/18/2023,true
961,Marilee De la Barre,mdeqo@scribd.com,259-113-5843,9/29/2023,true
962,Kris Dikes,kdikesqp@hao123.com,969-541-2386,3/6/2023,false
963,Lorianne Ruddell,lruddellqq@ocn.ne.jp,224-659-8753,6/24/2023,true
964,Austen Vittel,avittelqr@dmoz.org,548-863-1463,1/25/2023,true
965,Adolphe Gatward,agatwardqs@guardian.co.uk,843-254-8614,3/28/2023,true
966,Reilly Colston,rcolstonqt@weibo.com,206-508-0214,7/3/2023,true
967,Rafferty Dackombe,rdackombequ@nps.gov,983-862-7400,3/22/2023,true
968,Rube McIlhone,rmcilhoneqv@howstuffworks.com,488-998-0395,1/16/2023,true
969,Corty Gonsalo,cgonsaloqw@utexas.edu,342-117-2464,11/11/2022,false
970,Bradly Canet,bcanetqx@businessweek.com,946-485-2513,8/7/2023,true
971,Daffie Berston,dberstonqy@indiatimes.com,484-980-4702,8/3/2023,true
972,Lon Brampton,lbramptonqz@dot.gov,691-573-6354,8/4/2023,true
973,Darice Shipp,dshippr0@php.net,680-313-4931,12/10/2022,false
974,Casey Crosgrove,ccrosgrover1@tamu.edu,758-176-9599,8/2/2023,false
975,Bonnie Cultcheth,bcultchethr2@360.cn,920-551-6800,12/16/2022,false
976,Camey Ballintyne,cballintyner3@reuters.com,425-526-5351,12/8/2022,false
977,Sebastiano Regina,sreginar4@theatlantic.com,209-558-4063,2/16/2023,false
978,Marci Hacksby,mhacksbyr5@hexun.com,626-335-8415,7/10/2023,false
979,Germayne Cokayne,gcokayner6@nbcnews.com,698-740-1023,9/23/2023,true
980,Elbertina Parkman,eparkmanr7@cyberchimps.com,346-182-8315,10/23/2022,false
981,Rinaldo Mathen,rmathenr8@wix.com,657-971-9816,7/23/2023,false
982,Boniface Mullins,bmullinsr9@boston.com,884-970-6140,1/22/2023,true
983,Pris Jone,pjonera@vistaprint.com,312-394-4215,3/2/2023,false
984,Fredrika Ishaki,fishakirb@plala.or.jp,907-376-9678,6/27/2023,true
985,Jodi Ritchman,jritchmanrc@cocolog-nifty.com,481-382-2991,9/11/2023,true
986,Ahmad Atherley,aatherleyrd@51.la,286-917-2057,9/20/2023,false
987,Elora Nana,enanare@globo.com,409-660-1524,6/22/2023,true
988,Agace Aitken,aaitkenrf@cbslocal.com,312-693-5461,9/7/2023,true
989,Aymer Slessar,aslessarrg@google.nl,919-789-2355,3/14/2023,false
990,Cecelia Gruszecki,cgruszeckirh@mayoclinic.com,932-367-1705,6/20/2023,true
991,Ofelia Yurchishin,oyurchishinri@baidu.com,451-572-5685,5/5/2023,true
992,Roze Rosita,rrositarj@irs.gov,561-973-8989,3/10/2023,true
993,Alexina Maus,amausrk@patch.com,908-306-1845,10/9/2023,false
994,Jacynth Flello,jflellorl@sbwire.com,465-386-0614,9/17/2023,false
995,Charmion Dollman,cdollmanrm@discovery.com,881-991-1529,7/17/2023,false
996,Paloma Breitling,pbreitlingrn@wisc.edu,596-729-1811,5/18/2023,true
997,Mabel Crafter,mcrafterro@apache.org,878-192-1355,11/2/2022,false
998,Rupert Preto,rpretorp@ox.ac.uk,658-570-6429,7/25/2023,true
999,Hadlee Thireau,hthireaurq@is.gd,283-556-6780,10/8/2023,false
1000,Ketti Clarage,kclaragerr@indiegogo.com,578-154-1429,10/16/2023,true
